{
  "0.0": 1.492063492063492,
  "1.0": 1.148936170212766,
  "2.0": 0.6666666666666666,
  "3.0": 0.6666666666666666,
  "4.0": 0.3333333333333333
}