{
  "0.0": {
    "0.05286305866034419": 0.0,
    "0.10572611732068837": 1.0,
    "0.15858917598103256": 0.3333333333333333,
    "0.21145223464137675": 1.0,
    "0.264315293301721": 0.7,
    "0.3171783519620651": 0.13333333333333333,
    "0.3700414106224093": 0.6190476190476191,
    "0.4229044692827535": 0.39285714285714285,
    "0.4757675279430977": 0.5833333333333334,
    "0.528630586603442": 0.28888888888888886,
    "0.5814936452637861": 1.0,
    "0.6343567039241302": 0.45454545454545453,
    "0.7929458799051629": 0.12380952380952381,
    "0.845808938565507": 0.525,
    "0.8986719972258512": 0.5,
    "0.9515350558861954": 0.43790849673202614,
    "1.1629872905275722": 0.329004329004329,
    "1.2158503491879165": 0.2648221343873518,
    "1.3215764665086047": 0.2866666666666667
  },
  "1.0": {
    "0.0": 0.0,
    "0.06980720160097774": 1.0,
    "0.1047108024014666": 1.0,
    "0.13961440320195548": 0.3333333333333333,
    "0.17451800400244435": 0.7,
    "0.2094216048029332": 0.6,
    "0.2443252056034221": 0.6190476190476191,
    "0.3141324072043999": 0.5833333333333334,
    "0.3490360080048887": 0.28888888888888886,
    "0.3839396088053776": 1.0,
    "0.4188432096058664": 0.45454545454545453,
    "0.4886504112068442": 0.14285714285714285,
    "0.5235540120073331": 0.2761904761904762,
    "0.5933612136083108": 0.5,
    "0.6282648144087998": 0.43790849673202614,
    "0.7678792176107552": 0.329004329004329,
    "0.8027828184112441": 0.2648221343873518,
    "0.8376864192117328": 0.3115942028985507
  },
  "2.0": {
    "0.0": 0.0,
    "0.02645521846421832": 0.0,
    "0.07936565539265496": 0.3333333333333333,
    "0.10582087385687328": 1.0,
    "0.1322760923210916": 0.7,
    "0.15873131078530991": 0.6,
    "0.18518652924952822": 0.6190476190476191,
    "0.21164174771374655": 0.42857142857142855,
    "0.23809696617796489": 0.2777777777777778,
    "0.2645521846421832": 0.5333333333333333,
    "0.29100740310640155": 1.0,
    "0.31746262157061983": 0.45454545454545453,
    "0.39682827696327483": 0.2761904761904762,
    "0.4497387138917115": 0.5,
    "0.47619393235592977": 0.43790849673202614,
    "0.5820148062128031": 0.329004329004329,
    "0.6084700246770214": 0.2648221343873518,
    "0.6349252431412397": 0.3115942028985507
  },
  "3.0": {
    "0.02040816326530612": 0.0,
    "0.04081632653061224": 1.0,
    "0.061224489795918366": 0.3333333333333333,
    "0.08163265306122448": 1.0,
    "0.10204081632653061": 0.7,
    "0.12244897959183673": 0.4666666666666667,
    "0.14285714285714285": 0.6190476190476191,
    "0.16326530612244897": 0.42857142857142855,
    "0.1836734693877551": 0.5833333333333334,
    "0.20408163265306123": 0.5333333333333333,
    "0.22448979591836735": 0.38181818181818183,
    "0.24489795918367346": 0.45454545454545453,
    "0.30612244897959184": 0.2761904761904762,
    "0.32653061224489793": 0.5833333333333334,
    "0.3469387755102041": 0.5,
    "0.3673469387755102": 0.43790849673202614,
    "0.4489795918367347": 0.36796536796536794,
    "0.4693877551020408": 0.2648221343873518,
    "0.4897959183673469": 0.3115942028985507
  },
  "4.0": {
    "0.0": 0.0,
    "0.018510805682817346": 0.0,
    "0.03702161136563469": 0.0,
    "0.055532417048452035": 0.3333333333333333,
    "0.09255402841408672": 0.4,
    "0.11106483409690407": 1.0,
    "0.12957563977972142": 1.0,
    "0.14808644546253877": 0.5357142857142857,
    "0.16659725114535612": 0.5833333333333334,
    "0.18510805682817344": 0.6,
    "0.20361886251099082": 0.34545454545454546,
    "0.22212966819380814": 0.45454545454545453,
    "0.2776620852422602": 0.6,
    "0.29617289092507754": 0.5833333333333334,
    "0.31468369660789486": 0.4852941176470588,
    "0.40723772502198163": 0.36796536796536794,
    "0.425748530704799": 0.32806324110671936
  },
  "5.0": {
    "0.0": 0.0,
    "0.015897920604914934": 0.0,
    "0.03179584120982987": 1.0,
    "0.0476937618147448": 0.3333333333333333,
    "0.07948960302457467": 0.4,
    "0.0953875236294896": 1.0,
    "0.11128544423440453": 0.7142857142857143,
    "0.14308128544423437": 0.5833333333333334,
    "0.15897920604914934": 0.6,
    "0.17487712665406427": 0.34545454545454546,
    "0.1907750472589792": 0.45454545454545453,
    "0.2066729678638941": 0.717948717948718,
    "0.238468809073724": 0.6,
    "0.25436672967863894": 0.5833333333333334,
    "0.28616257088846875": 0.33986928104575165,
    "0.3020604914933837": 0.4269005847953216,
    "0.34975425330812854": 0.36796536796536794
  },
  "6.0": {
    "0.0": 0.0,
    "0.015444886230746097": 0.0,
    "0.030889772461492195": 0.0,
    "0.046334658692238295": 1.0,
    "0.06177954492298439": 0.6666666666666666,
    "0.0772244311537305": 0.8,
    "0.09266931738447659": 0.6666666666666666,
    "0.1081142036152227": 1.0,
    "0.12355908984596878": 0.5714285714285714,
    "0.1390039760767149": 0.3611111111111111,
    "0.154448862307461": 0.6,
    "0.16989374853820707": 1.0,
    "0.18533863476895318": 0.8333333333333334,
    "0.23167329346119148": 0.6,
    "0.24711817969193756": 0.35,
    "0.2780079521534298": 0.4444444444444444
  },
  "7.0": {
    "0.0": 0.0,
    "0.014728061080214912": 0.0,
    "0.029456122160429823": 1.0,
    "0.044184183240644735": 1.0,
    "0.05891224432085965": 0.6666666666666666,
    "0.07364030540107455": 1.0,
    "0.10309642756150438": 0.42857142857142855,
    "0.1178244886417193": 0.5714285714285714,
    "0.1325525497219342": 0.4166666666666667,
    "0.16200867188236404": 1.0,
    "0.17673673296257894": 0.8333333333333334,
    "0.20619285512300875": 0.6483516483516484,
    "0.22092091620322366": 0.6190476190476191,
    "0.2503770383636535": 0.5
  },
  "8.0": {
    "0.01357338109152606": 0.0,
    "0.02714676218305212": 1.0,
    "0.04072014327457818": 1.0,
    "0.05429352436610424": 0.6666666666666666,
    "0.0678669054576303": 1.0,
    "0.09501366764068243": 0.42857142857142855,
    "0.10858704873220848": 0.5714285714285714,
    "0.12216042982373455": 0.4166666666666667,
    "0.14930719200678666": 1.0,
    "0.16288057309831272": 0.8333333333333334,
    "0.19002733528136487": 0.6483516483516484,
    "0.20360071637289093": 0.6190476190476191,
    "0.23074747855594302": 0.5
  },
  "9.0": {
    "0.012099999999999998": 0.0,
    "0.03629999999999999": 0.3333333333333333,
    "0.04839999999999999": 0.6666666666666666,
    "0.060499999999999984": 1.0,
    "0.08469999999999998": 0.42857142857142855,
    "0.09679999999999998": 0.5714285714285714,
    "0.1331": 1.0,
    "0.14519999999999997": 0.8333333333333334,
    "0.16939999999999997": 0.6483516483516484,
    "0.18149999999999997": 0.6190476190476191,
    "0.20569999999999997": 0.5
  },
  "10.0": {
    "0.011814744801512289": 0.0,
    "0.03544423440453687": 0.6666666666666666,
    "0.05907372400756145": 1.0,
    "0.07088846880907373": 0.3333333333333333,
    "0.08270321361058602": 0.6666666666666666,
    "0.12996219281663518": 1.0,
    "0.14177693761814747": 0.8333333333333334,
    "0.15359168241965976": 0.7307692307692307,
    "0.17722117202268434": 0.6190476190476191,
    "0.18903591682419663": 0.55
  },
  "11.0": {
    "0.06611570247933884": 0.0,
    "0.09917355371900825": 0.3333333333333333,
    "0.1322314049586777": 1.0,
    "0.1652892561983471": 1.0,
    "0.1983471074380165": 0.4666666666666667,
    "0.23140495867768596": 0.5714285714285714,
    "0.2644628099173554": 0.5714285714285714,
    "0.2975206611570248": 0.4444444444444444
  },
  "12.0": {
    "0.038584183673469385": 0.0,
    "0.11575255102040817": 0.3333333333333333,
    "0.15433673469387754": 1.0,
    "0.19292091836734696": 1.0,
    "0.23150510204081634": 0.7333333333333333,
    "0.3086734693877551": 0.5714285714285714,
    "0.34725765306122447": 0.4444444444444444
  },
  "13.0": {
    "0.038584183673469385": 0.0,
    "0.11575255102040817": 0.3333333333333333,
    "0.15433673469387754": 1.0,
    "0.19292091836734696": 1.0,
    "0.23150510204081634": 0.7333333333333333,
    "0.3086734693877551": 0.5714285714285714,
    "0.34725765306122447": 0.4444444444444444
  },