{
  "0.0": 4.349344978165939,
  "1.0": 5.3526011560693645,
  "2.0": 6.148148148148148,
  "3.0": 7.0,
  "4.0": 7.35,
  "5.0": 7.931034482758621,
  "6.0": 8.046511627906977,
  "7.0": 8.24,
  "8.0": 8.583333333333334,
  "9.0": 9.090909090909092,
  "10.0": 9.2,
  "11.0": 5.5,
  "12.0": 5.090909090909091,
  "13.0": 5.090909090909091,
  "14.0": 5.090909090909091,
  "15.0": 5.0,
  "16.0": 4.285714285714286,
  "17.0": 3.2,
  "18.0": 2.5,
  "19.0": 2.5,
  "20.0": 2.5,
  "21.0": 2.5,
  "22.0": 1.0
}