{
  "0.0": 0.7455938697318009,
  "1.0": 0.9598039215686275,
  "2.0": 0.9244897959183673,
  "3.0": 0.9600000000000001,
  "4.0": 0.8888888888888888,
  "5.0": 0.9,
  "6.0": 0.9473684210526315,
  "7.0": 0.9090909090909091,
  "8.0": 0.9090909090909091
}