{
  "0.0": 0.6632236513478765,
  "1.0": 0.8959337685739532,
  "2.0": 0.8644340453206608,
  "3.0": 0.8606658618393237,
  "4.0": 0.8009056033480586,
  "5.0": 0.7983855794040484,
  "6.0": 0.7437766367998926,
  "7.0": 0.6706300366300365,
  "8.0": 0.6985729548229549,
  "9.0": 0.727988677988678,
  "10.0": 0.7417673992673993,
  "11.0": 0.5715608465608466,
  "12.0": 0.6741702741702741,
  "13.0": 0.6741702741702741,
  "14.0": 0.6741702741702741,
  "15.0": 0.9047619047619048,
  "16.0": 0.8857142857142858,
  "17.0": 0.8666666666666666,
  "18.0": 0.8333333333333333,
  "19.0": 0.8333333333333333,
  "20.0": 0.8333333333333333,
  "21.0": 0.8333333333333333,
  "22.0": 0.0
}