{
  "0.0": 5.903448275862069,
  "1.0": 7.051724137931035,
  "2.0": 8.333333333333334,
  "3.0": 9.628571428571428,
  "4.0": 12.130434782608695,
  "5.0": 13.435897435897436,
  "6.0": 14.606060606060606,
  "7.0": 15.483870967741936,
  "8.0": 15.483870967741936,
  "9.0": 15.483870967741936,
  "10.0": 15.483870967741936,
  "11.0": 15.333333333333334,
  "12.0": 15.333333333333334,
  "13.0": 15.333333333333334,
  "14.0": 16.09090909090909,
  "15.0": 16.666666666666668,
  "16.0": 17.3,
  "17.0": 17.3,
  "18.0": 2.5,
  "19.0": 2.5,
  "20.0": 2.5,
  "21.0": 2.5,
  "22.0": 1.0,
  "23.0": 1.0
}