{
  "0.0": 0.46006141822610086,
  "1.0": 0.3714539007092199,
  "2.0": 0.2619047619047619,
  "3.0": 0.2222222222222222,
  "4.0": 0.0
}