{
  "0.0": {
    "0.6702127659574468": 0.625,
    "1.3404255319148937": 1.0,
    "2.0106382978723403": 0.16984126984126982,
    "2.6808510638297873": 0.2328282828282828,
    "3.351063829787234": 0.2,
    "4.0212765957446805": 0.15079365079365079,
    "5.361702127659575": 0.25,
    "6.702127659574468": 0.0
  },
  "1.0": {
    "0.0": 0.0,
    "0.8703703703703702": 0.6666666666666666,
    "1.7407407407407405": 1.0,
    "2.6111111111111107": 1.0,
    "3.481481481481481": 0.2
  },
  "2.0": {
    "0.0": 0.0,
    "1.5": 0.8333333333333334,
    "3.0": 0.0,
    "6.0": 0.25
  },
  "3.0": {
    "0.0": 0.0,
    "1.5": 0.5,
    "3.0": 0.5
  },
  "4.0": {
    "0.0": 0.0,
    "3.0": 0.0
  }
}