{
  "0.0": {
    "0.22991967871485944": 0.0,
    "0.4598393574297189": 1.0,
    "0.6897590361445783": 0.3333333333333333,
    "0.9196787148594378": 1.0,
    "1.1495983935742973": 0.7,
    "1.3795180722891567": 0.13333333333333333,
    "1.609437751004016": 0.6190476190476191,
    "1.8393574297188755": 0.39285714285714285,
    "2.069277108433735": 0.5833333333333334,
    "2.2991967871485945": 0.28888888888888886,
    "2.5291164658634537": 1.0,
    "2.7590361445783134": 0.45454545454545453,
    "3.448795180722892": 0.12380952380952381,
    "3.678714859437751": 0.525,
    "3.9086345381526106": 0.5,
    "4.13855421686747": 0.43790849673202614,
    "5.0582329317269075": 0.329004329004329,
    "5.2881526104417675": 0.2648221343873518,
    "5.747991967871486": 0.2866666666666667
  },
  "1.0": {
    "0.0": 0.0,
    "0.37365010799136067": 1.0,
    "0.560475161987041": 1.0,
    "0.7473002159827213": 0.3333333333333333,
    "0.9341252699784016": 0.7,
    "1.120950323974082": 0.6,
    "1.3077753779697623": 0.6190476190476191,
    "1.681425485961123": 0.5833333333333334,
    "1.8682505399568032": 0.28888888888888886,
    "2.0550755939524836": 1.0,
    "2.241900647948164": 0.45454545454545453,
    "2.6155507559395246": 0.14285714285714285,
    "2.802375809935205": 0.2761904761904762,
    "3.1760259179265655": 0.5,
    "3.362850971922246": 0.43790849673202614,
    "4.110151187904967": 0.329004329004329,
    "4.296976241900648": 0.2648221343873518,
    "4.483801295896328": 0.3115942028985507
  },
  "2.0": {
    "0.0": 0.0,
    "0.16265060240963855": 0.0,
    "0.4879518072289157": 0.3333333333333333,
    "0.6506024096385542": 1.0,
    "0.8132530120481928": 0.7,
    "0.9759036144578314": 0.6,
    "1.1385542168674698": 0.6190476190476191,
    "1.3012048192771084": 0.42857142857142855,
    "1.463855421686747": 0.2777777777777778,
    "1.6265060240963856": 0.5333333333333333,
    "1.7891566265060241": 1.0,
    "1.9518072289156627": 0.45454545454545453,
    "2.4397590361445785": 0.2761904761904762,
    "2.7650602409638556": 0.5,
    "2.927710843373494": 0.43790849673202614,
    "3.5783132530120483": 0.329004329004329,
    "3.740963855421687": 0.2648221343873518,
    "3.9036144578313254": 0.3115942028985507
  },
  "3.0": {
    "0.14285714285714285": 0.0,
    "0.2857142857142857": 1.0,
    "0.42857142857142855": 0.3333333333333333,
    "0.5714285714285714": 1.0,
    "0.7142857142857143": 0.7,
    "0.8571428571428571": 0.4666666666666667,
    "1.0": 0.6190476190476191,
    "1.1428571428571428": 0.42857142857142855,
    "1.2857142857142858": 0.5833333333333334,
    "1.4285714285714286": 0.5333333333333333,
    "1.5714285714285714": 0.38181818181818183,
    "1.7142857142857142": 0.45454545454545453,
    "2.142857142857143": 0.2761904761904762,
    "2.2857142857142856": 0.5833333333333334,
    "2.4285714285714284": 0.5,
    "2.5714285714285716": 0.43790849673202614,
    "3.142857142857143": 0.36796536796536794,
    "3.2857142857142856": 0.2648221343873518,
    "3.4285714285714284": 0.3115942028985507
  },
  "4.0": {
    "0.0": 0.0,
    "0.1360544217687075": 0.0,
    "0.272108843537415": 0.0,
    "0.40816326530612246": 0.3333333333333333,
    "0.6802721088435374": 0.4,
    "0.8163265306122449": 1.0,
    "0.9523809523809524": 1.0,
    "1.08843537414966": 0.5357142857142857,
    "1.2244897959183674": 0.5833333333333334,
    "1.3605442176870748": 0.6,
    "1.4965986394557824": 0.34545454545454546,
    "1.6326530612244898": 0.45454545454545453,
    "2.0408163265306123": 0.6,
    "2.17687074829932": 0.5833333333333334,
    "2.312925170068027": 0.4852941176470588,
    "2.993197278911565": 0.36796536796536794,
    "3.1292517006802725": 0.32806324110671936
  },
  "5.0": {
    "0.0": 0.0,
    "0.12608695652173912": 0.0,
    "0.25217391304347825": 1.0,
    "0.3782608695652174": 0.3333333333333333,
    "0.6304347826086957": 0.4,
    "0.7565217391304347": 1.0,
    "0.8826086956521739": 0.7142857142857143,
    "1.134782608695652": 0.5833333333333334,
    "1.2608695652173914": 0.6,
    "1.3869565217391304": 0.34545454545454546,
    "1.5130434782608695": 0.45454545454545453,
    "1.6391304347826086": 0.717948717948718,
    "1.891304347826087": 0.6,
    "2.017391304347826": 0.5833333333333334,
    "2.269565217391304": 0.33986928104575165,
    "2.395652173913043": 0.4269005847953216,
    "2.773913043478261": 0.36796536796536794
  },
  "6.0": {
    "0.0": 0.0,
    "0.12427745664739884": 0.0,
    "0.24855491329479767": 0.0,
    "0.37283236994219654": 1.0,
    "0.49710982658959535": 0.6666666666666666,
    "0.6213872832369942": 0.8,
    "0.7456647398843931": 0.6666666666666666,
    "0.869942196531792": 1.0,
    "0.9942196531791907": 0.5714285714285714,
    "1.1184971098265897": 0.3611111111111111,
    "1.2427745664739884": 0.6,
    "1.3670520231213872": 1.0,
    "1.4913294797687862": 0.8333333333333334,
    "1.8641618497109826": 0.6,
    "1.9884393063583814": 0.35,
    "2.2369942196531793": 0.4444444444444444
  },
  "7.0": {
    "0.0": 0.0,
    "0.12135922330097088": 0.0,
    "0.24271844660194175": 1.0,
    "0.3640776699029126": 1.0,
    "0.4854368932038835": 0.6666666666666666,
    "0.6067961165048543": 1.0,
    "0.8495145631067961": 0.42857142857142855,
    "0.970873786407767": 0.5714285714285714,
    "1.0922330097087378": 0.4166666666666667,
    "1.3349514563106797": 1.0,
    "1.4563106796116505": 0.8333333333333334,
    "1.6990291262135921": 0.6483516483516484,
    "1.820388349514563": 0.6190476190476191,
    "2.0631067961165046": 0.5
  },
  "8.0": {
    "0.11650485436893203": 0.0,
    "0.23300970873786406": 1.0,
    "0.3495145631067961": 1.0,
    "0.4660194174757281": 0.6666666666666666,
    "0.5825242718446602": 1.0,
    "0.8155339805825242": 0.42857142857142855,
    "0.9320388349514562": 0.5714285714285714,
    "1.0485436893203883": 0.4166666666666667,
    "1.2815533980582523": 1.0,
    "1.3980582524271843": 0.8333333333333334,
    "1.6310679611650485": 0.6483516483516484,
    "1.7475728155339805": 0.6190476190476191,
    "1.9805825242718444": 0.5
  },
  "9.0": {
    "0.10999999999999999": 0.0,
    "0.32999999999999996": 0.3333333333333333,
    "0.43999999999999995": 0.6666666666666666,
    "0.5499999999999999": 1.0,
    "0.7699999999999999": 0.42857142857142855,
    "0.8799999999999999": 0.5714285714285714,
    "1.21": 1.0,
    "1.3199999999999998": 0.8333333333333334,
    "1.5399999999999998": 0.6483516483516484,
    "1.65": 0.6190476190476191,
    "1.8699999999999999": 0.5
  },
  "10.0": {
    "0.10869565217391305": 0.0,
    "0.32608695652173914": 0.6666666666666666,
    "0.5434782608695653": 1.0,
    "0.6521739130434783": 0.3333333333333333,
    "0.7608695652173914": 0.6666666666666666,
    "1.1956521739130437": 1.0,
    "1.3043478260869565": 0.8333333333333334,
    "1.4130434782608696": 0.7307692307692307,
    "1.6304347826086958": 0.6190476190476191,
    "1.7391304347826089": 0.55
  },
  "11.0": {
    "0.36363636363636365": 0.0,
    "0.5454545454545454": 0.3333333333333333,
    "0.7272727272727273": 1.0,
    "0.9090909090909091": 1.0,
    "1.0909090909090908": 0.4666666666666667,
    "1.2727272727272727": 0.5714285714285714,
    "1.4545454545454546": 0.5714285714285714,
    "1.6363636363636365": 0.4444444444444444
  },
  "12.0": {
    "0.19642857142857142": 0.0,
    "0.5892857142857143": 0.3333333333333333,
    "0.7857142857142857": 1.0,
    "0.9821428571428572": 1.0,
    "1.1785714285714286": 0.7333333333333333,
    "1.5714285714285714": 0.5714285714285714,
    "1.7678571428571428": 0.4444444444444444
  },
  "13.0": {
    "0.19642857142857142": 0.0,
    "0.5892857142857143": 0.3333333333333333,
    "0.7857142857142857": 1.0,
    "0.9821428571428572": 1.0,
    "1.1785714285714286": 0.7333333333333333,
    "1.5714285714285714": 0.5714285714285714,
    "1.7678571428571428": 0.4444444444444444
  },
  "14.0": {
    "0.19642857142857142": 0.0,
    "0.5892857142857143": 0.3333333333333333,
    "0.7857142857142857": 1.0,
    "0.9821428571428572": 1.0,