{
  "0.0": {
    "0.2701863354037267": 0.0,
    "0.5403726708074534": 1.0,
    "0.81055900621118": 1.0,
    "1.0807453416149069": 1.0,
    "1.3509316770186335": 0.6,
    "1.62111801242236": 0.4,
    "1.891304347826087": 1.0,
    "2.43167701863354": 1.0,
    "2.972049689440994": 0.2
  },
  "1.0": {
    "0.45033112582781454": 1.0,
    "0.6754966887417219": 1.0,
    "0.9006622516556291": 1.0,
    "1.1258278145695364": 1.0,
    "1.3509933774834437": 0.4,
    "1.5761589403973508": 1.0,
    "2.0264900662251653": 1.0,
    "2.47682119205298": 0.2
  },
  "2.0": {
    "0.17355371900826447": 0.0,
    "0.5206611570247934": 1.0,
    "0.6942148760330579": 1.0,
    "0.8677685950413223": 1.0,
    "1.0413223140495869": 0.4,
    "1.2148760330578512": 0.42857142857142855,
    "1.56198347107438": 1.0
  },
  "3.0": {
    "0.16055045871559634": 0.0,
    "0.6422018348623854": 1.0,
    "0.8027522935779816": 0.6,
    "1.1238532110091743": 1.0,
    "1.4449541284403669": 1.0
  },
  "4.0": {
    "0.15": 0.0,
    "0.3": 0.0,
    "0.75": 1.0,
    "1.05": 1.0,
    "1.3499999999999999": 1.0
  },
  "5.0": {
    "0.13513513513513511": 0.0,
    "0.9459459459459459": 1.0,
    "1.2162162162162162": 1.0
  },
  "6.0": {
    "0.0": 0.0,
    "0.910958904109589": 1.0,
    "1.1712328767123288": 1.0
  },
  "7.0": {
    "0.0": 0.0,
    "1.1": 1.0
  },
  "8.0": {
    "0.0": 0.0,
    "1.1": 1.0
  }
}