{
  "0.0": 3.7011494252873565,
  "1.0": 4.4411764705882355,
  "2.0": 5.761904761904762,
  "3.0": 6.228571428571429,
  "4.0": 6.666666666666667,
  "5.0": 7.4,
  "6.0": 7.684210526315789,
  "7.0": 8.181818181818182,
  "8.0": 8.181818181818182
}