{
  "0.0": 2.3333333333333335,
  "1.0": 3.4285714285714284,
  "2.0": 4.666666666666667,
  "3.0": 4.571428571428571,
  "4.0": 5.0,
  "5.0": 1.0
}