{
  "0.0": {
    "0.5384122919334187": 0.0,
    "1.0768245838668373": 1.0,
    "1.615236875800256": 0.2577777777777778,
    "2.1536491677336747": 0.21973684210526317,
    "2.6920614596670935": 0.0,
    "3.230473751600512": 0.1506109022556391,
    "3.768886043533931": 0.0,
    "4.307298335467349": 0.16666666666666666,
    "4.845710627400768": 0.1315853778929225,
    "5.384122919334187": 0.09585331502752305,
    "5.922535211267606": 0.0,
    "7.537772087067862": 0.09233310282076262,
    "8.07618437900128": 0.0682067397666137,
    "8.614596670934699": 0.05923673579819178,
    "11.306658130601793": 0.048605876010829926,
    "13.998719590268886": 0.03566636553073367,
    "39.304097311139564": 0.016799366921483948
  },
  "1.0": {
    "0.0": 0.0,
    "0.4653284671532847": 0.625,
    "0.9306569343065694": 1.0,
    "1.395985401459854": 0.12152777777777778,
    "1.8613138686131387": 0.2163442460317461,
    "2.3266423357664237": 0.2857142857142857,
    "2.791970802919708": 0.242596028310314,
    "3.257299270072993": 0.16412337662337664,
    "3.7226277372262775": 0.1113189263924558,
    "4.653284671532847": 0.4323211875843455,
    "6.049270072992701": 0.11561277502453973,
    "13.959854014598541": 0.04969408512656456
  },
  "2.0": {
    "0.0": 0.0,
    "0.49593495934959353": 0.2833333333333333,
    "0.9918699186991871": 0.3958333333333333,
    "1.4878048780487807": 0.275,
    "1.9837398373983741": 0.2029040404040404,
    "2.4796747967479678": 0.15843253968253967,
    "2.9756097560975614": 0.28528806584362143,
    "3.471544715447155": 0.1701149727465517,
    "3.9674796747967482": 0.1166616390145802,
    "4.9593495934959355": 0.4367647058823529,
    "7.439024390243903": 0.09361216221381341
  },
  "3.0": {
    "0.0": 0.0,
    "0.6545454545454545": 0.17142857142857143,
    "1.309090909090909": 0.24761904761904763,
    "1.9636363636363638": 0.2652380952380952,
    "2.618181818181818": 0.2619929453262786,
    "3.272727272727273": 0.19365079365079368,
    "3.9272727272727277": 0.1554673721340388,
    "4.581818181818182": 0.16162131519274375
  },
  "4.0": {
    "0.0": 0.0,
    "0.8103448275862069": 0.2,
    "1.6206896551724137": 0.3,
    "2.4310344827586206": 0.20714285714285713,
    "3.2413793103448274": 0.2813492063492063,
    "4.051724137931035": 0.22789115646258504
  },
  "5.0": {
    "0.0": 0.0,
    "0.7380952380952381": 0.2,
    "1.4761904761904763": 0.3,
    "2.9523809523809526": 0.21458333333333335,
    "3.6904761904761907": 0.22789115646258504
  },
  "6.0": {
    "0.0": 0.0,
    "0.8999999999999999": 0.31666666666666665,
    "1.7999999999999998": 0.43333333333333335,
    "3.5999999999999996": 0.30833333333333335,
    "4.5": 0.26309523809523805
  },
  "7.0": {
    "0.0": 0.0,
    "0.8214285714285714": 0.31666666666666665,
    "1.6428571428571428": 0.475,
    "3.2857142857142856": 0.30833333333333335,
    "4.107142857142857": 0.27142857142857146
  },
  "8.0": {
    "0.0": 0.0,
    "0.9444444444444444": 0.35,
    "1.8888888888888888": 0.4666666666666666,
    "2.8333333333333335": 0.37499999999999994,
    "4.722222222222222": 0.26666666666666666
  },
  "9.0": {
    "0.0": 0.0,
    "1.75": 0.5,
    "3.5": 0.3333333333333333
  },
  "10.0": {
    "0.0": 0.0,
    "1.5": 0.5,
    "3.0": 0.5
  },
  "11.0": {
    "0.0": 0.0,
    "1.1666666666666667": 0.5,
    "2.3333333333333335": 0.5
  },
  "12.0": {
    "0.0": 0.0,
    "1.1666666666666667": 0.5,
    "2.3333333333333335": 0.5
  },
  "13.0": {
    "0.0": 0.0,
    "1.1666666666666667": 0.5,
    "2.3333333333333335": 0.5
  },
  "14.0": {
    "0.0": 0.0,
    "1.0": 0.5,
    "2.0": 0.5
  },
  "15.0": {
    "0.0": 0.0,
    "2.5": 0.0
  }
}