{
  "0.0": 0.43284134662464885,
  "1.0": 0.261955096986347,
  "2.0": 0.2901621315192744,
  "3.0": 0.36546031746031743,
  "4.0": 0.5333333333333333,
  "5.0": 0.6153846153846154,
  "6.0": 0.5833333333333334,
  "7.0": 0.625,
  "8.0": 0.7142857142857143,
  "9.0": 0.5,
  "10.0": 0.6666666666666666
}