{
  "0.0": {
    "0.059576432898007785": 0.0,
    "0.11915286579601557": 1.0,
    "0.17872929869402335": 1.0,
    "0.23830573159203114": 0.5,
    "0.3574585973880467": 1.0,
    "0.41703503028605443": 1.0,
    "0.4766114631840623": 0.75,
    "0.53618789608207": 1.0,
    "0.5957643289800778": 0.4888888888888889,
    "0.6553407618780857": 1.0,
    "0.8340700605721089": 0.6153846153846154,
    "0.8936464934701167": 0.5619047619047619,
    "1.0127993592661322": 0.4338235294117647
  },
  "1.0": {
    "0.07847380293766394": 1.0,
    "0.1177107044064959": 1.0,
    "0.15694760587532788": 1.0,
    "0.2354214088129918": 1.0,
    "0.2746583102818238": 1.0,
    "0.31389521175065577": 1.0,
    "0.35313211321948773": 0.6111111111111112,
    "0.43160591615715166": 1.0,
    "0.4708428176259836": 0.8484848484848485,
    "0.5100797190948156": 0.717948717948718,
    "0.5885535220324796": 0.5619047619047619,
    "0.6670273249701435": 0.4338235294117647
  },
  "2.0": {
    "0.0253370085146376": 0.0,
    "0.07601102554391281": 1.0,
    "0.1013480340585504": 1.0,
    "0.15202205108782563": 1.0,
    "0.1773590596024632": 1.0,
    "0.2026960681171008": 0.75,
    "0.22803307663173844": 1.0,
    "0.2787070936610136": 1.0,
    "0.30404410217565125": 0.8333333333333334,
    "0.3547181192049264": 0.6373626373626373,
    "0.38005512771956407": 0.5523809523809524
  },
  "3.0": {
    "0.0": 0.0,
    "0.0698635719691824": 1.0,
    "0.10479535795377361": 1.0,
    "0.12226125094606922": 1.0,
    "0.1397271439383648": 1.0,
    "0.15719303693066042": 1.0,
    "0.1921248229152516": 1.0
  },
  "4.0": {
    "0.08947949627301492": 1.0,
    "0.10439274565185074": 1.0,
    "0.11930599503068656": 1.0,
    "0.13421924440952238": 1.0,
    "0.16404574316719403": 1.0
  },
  "5.0": {
    "0.08947949627301492": 1.0,
    "0.10439274565185074": 1.0,
    "0.11930599503068656": 1.0,
    "0.13421924440952238": 1.0,
    "0.16404574316719403": 1.0
  },
  "6.0": {
    "0.08691428571428572": 1.0,
    "0.09933061224489796": 1.0,
    "0.1117469387755102": 1.0,
    "0.1365795918367347": 1.0
  },
  "7.0": {
    "0.012429236669101536": 0.0,
    "0.09943389335281229": 1.0,
    "0.11186313002191384": 1.0,
    "0.1367216033601169": 1.0
  },
  "8.0": {
    "0.0": 0.0,
    "0.09660336011687363": 1.0,
    "0.11807077347617886": 1.0
  },
  "9.0": {
    "0.0": 0.0,
    "0.10669191919191921": 1.0
  },
  "10.0": {
    "0.09090909090909091": 1.0
  },
  "11.0": {
    "0.3333333333333333": 1.0
  },
  "12.0": {
    "0.3333333333333333": 1.0
  },
  "13.0": {
    "0.3333333333333333": 1.0
  },
  "14.0": {
    "1.0": 0.0
  }
}