{
  "0.0": {
    "0.24408284023668642": 0.0,
    "0.48816568047337283": 1.0,
    "0.7322485207100592": 1.0,
    "0.9763313609467457": 0.5,
    "1.4644970414201184": 1.0,
    "1.7085798816568047": 1.0,
    "1.9526627218934913": 0.75,
    "2.1967455621301775": 1.0,
    "2.440828402366864": 0.4888888888888889,
    "2.6849112426035506": 1.0,
    "3.4171597633136095": 0.6153846153846154,
    "3.661242603550296": 0.5619047619047619,
    "4.149408284023669": 0.4338235294117647
  },
  "1.0": {
    "0.3961661341853035": 1.0,
    "0.5942492012779552": 1.0,
    "0.792332268370607": 1.0,
    "1.1884984025559104": 1.0,
    "1.386581469648562": 1.0,
    "1.584664536741214": 1.0,
    "1.7827476038338657": 0.6111111111111112,
    "2.178913738019169": 1.0,
    "2.376996805111821": 0.8484848484848485,
    "2.5750798722044728": 0.717948717948718,
    "2.971246006389776": 0.5619047619047619,
    "3.3674121405750794": 0.4338235294117647
  },
  "2.0": {
    "0.15917602996254682": 0.0,
    "0.47752808988764045": 1.0,
    "0.6367041198501873": 1.0,
    "0.9550561797752809": 1.0,
    "1.1142322097378277": 1.0,
    "1.2734082397003745": 0.75,
    "1.4325842696629214": 1.0,
    "1.750936329588015": 1.0,
    "1.9101123595505618": 0.8333333333333334,
    "2.2284644194756553": 0.6373626373626373,
    "2.3876404494382024": 0.5523809523809524
  },
  "3.0": {
    "0.0": 0.0,
    "0.5286343612334802": 1.0,
    "0.7929515418502203": 1.0,
    "0.9251101321585904": 1.0,
    "1.0572687224669604": 1.0,
    "1.1894273127753305": 1.0,
    "1.4537444933920705": 1.0
  },
  "4.0": {
    "0.7327188940092165": 1.0,
    "0.8548387096774193": 1.0,
    "0.9769585253456221": 1.0,
    "1.0990783410138247": 1.0,
    "1.3433179723502304": 1.0
  },
  "5.0": {
    "0.7327188940092165": 1.0,
    "0.8548387096774193": 1.0,
    "0.9769585253456221": 1.0,
    "1.0990783410138247": 1.0,
    "1.3433179723502304": 1.0
  },
  "6.0": {
    "0.78": 1.0,
    "0.8914285714285715": 1.0,
    "1.002857142857143": 1.0,
    "1.2257142857142858": 1.0
  },
  "7.0": {
    "0.1114864864864865": 0.0,
    "0.891891891891892": 1.0,
    "1.0033783783783785": 1.0,
    "1.2263513513513515": 1.0
  },
  "8.0": {
    "0.0": 0.0,
    "0.9324324324324325": 1.0,
    "1.1396396396396395": 1.0
  },
  "9.0": {
    "0.0": 0.0,
    "1.0833333333333335": 1.0
  },
  "10.0": {
    "1.0": 1.0
  },
  "11.0": {
    "1.0": 1.0
  },
  "12.0": {
    "1.0": 1.0
  },
  "13.0": {
    "1.0": 1.0
  },
  "14.0": {
    "1.0": 0.0
  }
}