{
  "0.0": 0.29885570074403883,
  "1.0": 0.2007602280295648,
  "2.0": 0.17908759142974096,
  "3.0": 0.1755733774812711,
  "4.0": 0.17964062327453903,
  "5.0": 0.18575338331487637,
  "6.0": 0.1979994903530359,
  "7.0": 0.20574497327826158,
  "8.0": 0.2112244340689024,
  "9.0": 0.22122115772664433,
  "10.0": 0.23471151920829955,
  "11.0": 0.25158824659837614,
  "12.0": 0.2551490239603748,
  "13.0": 0.2533662276287771,
  "14.0": 0.27501751405357777,
  "15.0": 0.2894703648304484,
  "16.0": 0.3062130020127418,
  "17.0": 0.3137578254858854,
  "18.0": 0.33499030794022083,
  "19.0": 0.3688381016962434,
  "20.0": 0.41713509638417196,
  "21.0": 0.47425185282221133,
  "22.0": 0.4898245614035087,
  "23.0": 0.48340679284417937,
  "24.0": 0.5006713211600429,
  "25.0": 0.52,
  "26.0": 0.5714285714285714,
  "27.0": 0.5714285714285714,
  "28.0": 0.5714285714285714,
  "29.0": 0.631578947368421,
  "30.0": 0.631578947368421,
  "31.0": 0.631578947368421
}