{
  "0.0": 15.10135135135135,
  "1.0": 17.41782178217822,
  "2.0": 19.184855233853007,
  "3.0": 21.007518796992482,
  "4.0": 22.583333333333332,
  "5.0": 23.795180722891565,
  "6.0": 25.196013289036546,
  "7.0": 26.59124087591241,
  "8.0": 27.872,
  "9.0": 28.88888888888889,
  "10.0": 31.03448275862069,
  "11.0": 31.936842105263157,
  "12.0": 32.81142857142857,
  "13.0": 34.73548387096774,
  "14.0": 36.05714285714286,
  "15.0": 37.338582677165356,
  "16.0": 38.16949152542373,
  "17.0": 38.65486725663717,
  "18.0": 38.93693693693694,
  "19.0": 39.333333333333336,
  "20.0": 39.876288659793815,
  "21.0": 40.357894736842105,
  "22.0": 40.7032967032967,
  "23.0": 40.63636363636363,
  "24.0": 40.602409638554214,
  "25.0": 40.5609756097561,
  "26.0": 40.592592592592595,
  "27.0": 40.58974358974359,
  "28.0": 40.5974025974026,
  "29.0": 40.48571428571429,
  "30.0": 40.46376811594203,
  "31.0": 39.3968253968254,
  "32.0": 39.36666666666667,
  "33.0": 39.11864406779661,
  "34.0": 38.535714285714285,
  "35.0": 38.07272727272727,
  "36.0": 38.07272727272727,
  "37.0": 38.07272727272727,
  "38.0": 36.88,
  "39.0": 36.88,
  "40.0": 36.53061224489796,
  "41.0": 35.17391304347826,
  "42.0": 34.22727272727273,
  "43.0": 33.42857142857143,
  "44.0": 31.36842105263158,
  "45.0": 31.0,
  "46.0": 30.457142857142856,
  "47.0": 30.457142857142856,
  "48.0": 30.457142857142856,
  "49.0": 30.457142857142856
}