{
  "0.0": 26.045801526717558,
  "1.0": 29.224137931034484,
  "2.0": 33.004926108374384,
  "3.0": 36.37362637362637,
  "4.0": 39.19760479041916,
  "5.0": 41.27388535031847,
  "6.0": 43.033557046979865,
  "7.0": 47.46969696969697,
  "8.0": 47.786259541984734,
  "9.0": 51.69747899159664,
  "10.0": 54.089285714285715,
  "11.0": 54.5045045045045,
  "12.0": 55.39449541284404,
  "13.0": 56.149532710280376,
  "14.0": 56.149532710280376,
  "15.0": 58.34,
  "16.0": 58.34,
  "17.0": 59.52577319587629,
  "18.0": 59.52577319587629,
  "19.0": 59.9375,
  "20.0": 68.46153846153847,
  "21.0": 68.46153846153847,
  "22.0": 68.46153846153847,
  "23.0": 68.46153846153847,
  "24.0": 68.46153846153847,
  "25.0": 68.46153846153847,
  "26.0": 68.46153846153847,
  "27.0": 68.46153846153847,
  "28.0": 69.78947368421052,
  "29.0": 69.78947368421052,
  "30.0": 69.78947368421052,
  "31.0": 70.56,
  "32.0": 70.56,
  "33.0": 70.56,
  "34.0": 71.35135135135135,
  "35.0": 71.35135135135135,
  "36.0": 71.35135135135135,
  "37.0": 71.35135135135135,
  "38.0": 71.35135135135135,
  "39.0": 72.0,
  "40.0": 72.0,
  "41.0": 72.0,
  "42.0": 72.0,
  "43.0": 72.0,
  "44.0": 72.0,
  "45.0": 72.0,
  "46.0": 72.0,
  "47.0": 72.0,
  "48.0": 72.0,
  "49.0": 72.0
}