{
  "0.0": 1.8573127229488704,
  "1.0": 2.149019607843137,
  "2.0": 2.0163934426229506,
  "3.0": 1.5277777777777777,
  "4.0": 1.2340425531914894,
  "5.0": 1.3548387096774193,
  "6.0": 1.1111111111111112,
  "7.0": 1.2173913043478262,
  "8.0": 1.0588235294117647,
  "9.0": 0.5714285714285714,
  "10.0": 0.6666666666666666,
  "11.0": 0.8571428571428571,
  "12.0": 0.8571428571428571,
  "13.0": 0.8571428571428571,
  "14.0": 1.0,
  "15.0": 0.4
}