{
  "0.0": 0.7139316348139878,
  "1.0": 0.9745156422219989,
  "2.0": 0.9267420814479639,
  "3.0": 0.9666666666666667,
  "4.0": 1.0,
  "5.0": 1.0,
  "6.0": 1.0,
  "7.0": 0.9393939393939394,
  "8.0": 0.9565217391304348,
  "9.0": 0.9230769230769231,
  "10.0": 1.0,
  "11.0": 1.0,
  "12.0": 1.0,
  "13.0": 1.0,
  "14.0": 0.0
}