{
  "0.0": 4.096969696969697,
  "1.0": 5.048387096774194,
  "2.0": 6.2823529411764705,
  "3.0": 7.566666666666666,
  "4.0": 8.18867924528302,
  "5.0": 8.18867924528302,
  "6.0": 8.974358974358974,
  "7.0": 8.969696969696969,
  "8.0": 9.652173913043478,
  "9.0": 10.153846153846153,
  "10.0": 11.0,
  "11.0": 3.0,
  "12.0": 3.0,
  "13.0": 3.0,
  "14.0": 1.0
}