{
  "0.0": {
    "0.6003344481605352": 0.5,
    "1.2006688963210703": 0.5,
    "1.8010033444816054": 0.5833333333333333,
    "2.4013377926421406": 0.2,
    "3.0016722408026757": 0.20428571428571426,
    "3.6020066889632107": 0.3634668902526045,
    "4.202341137123746": 0.0,
    "4.802675585284281": 0.13944444444444443,
    "5.403010033444816": 0.2622318422318422,
    "6.003344481605351": 0.0,
    "6.603678929765887": 0.23819632748204175,
    "7.2040133779264215": 0.17707134135705566
  },
  "1.0": {
    "0.0": 0.0,
    "0.5555555555555556": 0.0,
    "1.1111111111111112": 1.0,
    "1.6666666666666665": 1.0,
    "2.2222222222222223": 0.2833333333333334,
    "3.333333333333333": 0.39599289599289594,
    "3.888888888888889": 0.3886243386243386,
    "5.0": 0.32633477633477637,
    "6.666666666666666": 0.20993589743589747
  },
  "2.0": {
    "0.0": 0.0,
    "0.5319148936170213": 0.5,
    "1.0638297872340425": 1.0,
    "2.127659574468085": 0.7761904761904762,
    "2.6595744680851063": 0.6959183673469387,
    "3.191489361702128": 0.6054421768707483,
    "3.7234042553191493": 0.4464285714285714,
    "4.25531914893617": 0.4340277777777778
  },
  "3.0": {
    "0.0": 0.0,
    "0.40322580645161293": 0.0,
    "1.6129032258064517": 0.9333333333333332,
    "2.0161290322580645": 0.7777777777777778,
    "2.8225806451612905": 0.6571428571428571
  },
  "4.0": {
    "0.0": 0.0,
    "0.4411764705882353": 0.0,
    "1.7647058823529411": 1.0
  },
  "5.0": {
    "0.0": 0.0,
    "1.625": 1.0
  },
  "6.0": {
    "0.0": 0.0,
    "1.5": 1.0,
    "2.0": 1.0
  },
  "7.0": {
    "0.0": 0.0,
    "1.3333333333333333": 1.0,
    "2.0": 1.0
  },
  "8.0": {
    "0.0": 0.0,
    "1.1666666666666667": 1.0,
    "1.75": 1.0
  },
  "9.0": {
    "0.0": 0.0,
    "1.0": 1.0,
    "2.0": 0.0
  },
  "10.0": {
    "0.75": 1.0,
    "1.5": 0.0
  }
}