{
  "0.0": 4.342261904761905,
  "1.0": 6.492078285181734,
  "2.0": 8.136363636363637,
  "3.0": 9.26070038910506,
  "4.0": 10.240641711229946,
  "5.0": 10.89198606271777,
  "6.0": 11.336322869955158,
  "7.0": 11.7,
  "8.0": 11.693333333333333,
  "9.0": 11.65,
  "10.0": 11.461538461538462,
  "11.0": 11.152941176470588,
  "12.0": 10.831168831168831,
  "13.0": 9.753846153846155,
  "14.0": 9.333333333333334,
  "15.0": 8.0,
  "16.0": 6.5777777777777775,
  "17.0": 6.2272727272727275,
  "18.0": 5.024390243902439,
  "19.0": 4.631578947368421,
  "20.0": 3.393939393939394,
  "21.0": 2.838709677419355,
  "22.0": 1.9333333333333333,
  "23.0": 1.9310344827586208,
  "24.0": 2.0,
  "25.0": 1.04,
  "26.0": 1.1428571428571428,
  "27.0": 1.1428571428571428,
  "28.0": 1.1428571428571428,
  "29.0": 1.263157894736842,
  "30.0": 1.263157894736842,
  "31.0": 1.263157894736842
}