{
  "0.0": 6.748663101604278,
  "1.0": 8.501766784452297,
  "2.0": 9.37704918032787,
  "3.0": 10.802030456852792,
  "4.0": 12.276729559748428,
  "5.0": 12.49673202614379,
  "6.0": 13.447761194029852,
  "7.0": 13.983333333333333,
  "8.0": 15.1340206185567,
  "9.0": 16.05,
  "10.0": 17.815384615384616,
  "11.0": 18.419354838709676,
  "12.0": 18.966666666666665,
  "13.0": 19.379310344827587,
  "14.0": 19.956521739130434,
  "15.0": 20.727272727272727,
  "16.0": 22.896551724137932,
  "17.0": 22.896551724137932,
  "18.0": 22.896551724137932,
  "19.0": 22.896551724137932,
  "20.0": 22.896551724137932,
  "21.0": 22.896551724137932,
  "22.0": 22.896551724137932,
  "23.0": 22.896551724137932,
  "24.0": 23.571428571428573,
  "25.0": 4.0,
  "26.0": 3.2,
  "27.0": 3.2,
  "28.0": 3.2,
  "29.0": 2.5,
  "30.0": 1.3333333333333333,
  "31.0": 1.3333333333333333,
  "32.0": 1.3333333333333333,
  "33.0": 1.3333333333333333,
  "34.0": 1.3333333333333333,
  "35.0": 1.3333333333333333,
  "36.0": 1.3333333333333333,
  "37.0": 1.3333333333333333,
  "38.0": 1.3333333333333333,
  "39.0": 1.3333333333333333,
  "40.0": 1.3333333333333333,
  "41.0": 1.3333333333333333,
  "42.0": 1.0,
  "43.0": 1.0,
  "44.0": 1.0,
  "45.0": 1.0,
  "46.0": 1.0,
  "47.0": 1.0,
  "48.0": 1.0,
  "49.0": 1.0
}