{
  "0.0": 823.6845329249617,
  "1.0": 837.1175097276265,
  "2.0": 840.375,
  "3.0": 846.2989771833202,
  "4.0": 846.9590551181102,
  "5.0": 850.2719367588933,
  "6.0": 853.6095238095238,
  "7.0": 858.9888178913739,
  "8.0": 861.0184147317855,
  "9.0": 866.4609186140209,
  "10.0": 868.513731825525,
  "11.0": 871.2706645056726,
  "12.0": 871.2706645056726,
  "13.0": 874.7257933279088,
  "14.0": 874.7257933279088,
  "15.0": 874.7257933279088,
  "16.0": 874.7257933279088,
  "17.0": 875.4169381107491,
  "18.0": 876.1059494702527,
  "19.0": 879.5417348608838,
  "20.0": 881.6127973748975,
  "21.0": 883.0041084634347,
  "22.0": 884.3934156378601,
  "23.0": 885.0840197693575,
  "24.0": 886.46699669967,
  "25.0": 902.1428571428571,
  "26.0": 902.8864592094196,
  "27.0": 903.6313131313132,
  "28.0": 909.4135593220338,
  "29.0": 910.8862478777589,
  "30.0": 911.6142735768904,
  "31.0": 912.3503401360545,
  "32.0": 913.8722316865417,
  "33.0": 914.61210571185,
  "34.0": 914.61210571185,
  "35.0": 915.3498293515358,
  "36.0": 915.3498293515358,
  "37.0": 915.3498293515358,
  "38.0": 915.3498293515358,
  "39.0": 916.064901793339,
  "40.0": 916.064901793339,
  "41.0": 916.064901793339,
  "42.0": 916.064901793339,
  "43.0": 916.064901793339,
  "44.0": 916.064901793339,
  "45.0": 917.4798973481609,
  "46.0": 918.1866438356165,
  "47.0": 918.1866438356165,
  "48.0": 918.1866438356165,
  "49.0": 918.1866438356165
}