{
  "0.0": 5.0,
  "1.0": 7.0,
  "2.0": 8.733333333333333,
  "3.0": 9.615384615384615,
  "4.0": 9.68,
  "5.0": 10.454545454545455,
  "6.0": 11.0,
  "7.0": 11.157894736842104,
  "8.0": 10.0,
  "9.0": 10.0,
  "10.0": 5.0,
  "11.0": 5.0,
  "12.0": 5.0,
  "13.0": 3.0,
  "14.0": 3.0,
  "15.0": 3.0,
  "16.0": 3.0,
  "17.0": 3.0,
  "18.0": 3.0,
  "19.0": 3.0,
  "20.0": 1.0
}