{
  "0.0": {
    "0.021956570332101834": 0.0,
    "0.04391314066420367": 1.0,
    "0.06586971099630551": 0.6666666666666666,
    "0.08782628132840734": 1.0,
    "0.10978285166050918": 0.2,
    "0.13173942199261102": 0.6666666666666666,
    "0.15369599232471287": 1.0,
    "0.17565256265681467": 1.0,
    "0.19760913298891652": 1.0,
    "0.21956570332101835": 1.0,
    "0.24152227365312018": 0.4909090909090909,
    "0.26347884398522203": 0.5757575757575758,
    "0.2854354143173239": 0.23076923076923078,
    "0.30739198464942574": 0.2967032967032967,
    "0.32934855498152754": 1.0,
    "0.35130512531362934": 0.7583333333333333,
    "0.5269576879704441": 0.5108695652173914,
    "0.5489142583025459": 0.45,
    "0.5708708286346478": 0.9230769230769231,
    "0.6367405396309532": 0.7536945812807881,
    "0.6586971099630551": 0.6988505747126437,
    "0.9221759539482771": 0.4715447154471545,
    "1.2954376495940085": 0.26709526592635885,
    "1.3832639309224157": 0.10496671786994367
  },
  "1.0": {
    "0.013835078416455397": 0.0,
    "0.027670156832910794": 1.0,
    "0.041505235249366196": 0.6666666666666666,
    "0.05534031366582159": 1.0,
    "0.06917539208227699": 1.0,
    "0.08301047049873239": 1.0,
    "0.09684554891518779": 1.0,
    "0.11068062733164317": 1.0,
    "0.12451570574809859": 1.0,
    "0.13835078416455399": 1.0,
    "0.15218586258100938": 0.6909090909090909,
    "0.16602094099746478": 0.3333333333333333,
    "0.19369109783037558": 1.0,
    "0.20752617624683095": 1.0,
    "0.22136125466328635": 0.7666666666666667,
    "0.33204188199492957": 0.5108695652173914,
    "0.34587696041138494": 0.45,
    "0.40121727407720653": 0.7487684729064039,
    "0.5672382150746713": 0.4951219512195122,
    "0.8024345481544131": 0.12401693889897157,
    "0.8162696265708684": 0.26709526592635885
  },
  "2.0": {
    "0.011372805516162158": 0.0,
    "0.022745611032324316": 1.0,
    "0.03411841654848647": 1.0,
    "0.04549122206464863": 1.0,
    "0.05686402758081079": 1.0,
    "0.06823683309697294": 1.0,
    "0.07960963861313511": 1.0,
    "0.09098244412929726": 1.0,
    "0.10235524964545942": 1.0,
    "0.11372805516162159": 1.0,
    "0.12510086067778373": 0.4909090909090909,
    "0.15921927722627022": 1.0,
    "0.17059208274243237": 0.3904761904761905,
    "0.2615745268717296": 0.5296442687747036,
    "0.27294733238789176": 0.5108695652173914,
    "0.2843201379040539": 1.0,
    "0.3298113599687026": 0.7487684729064039,
    "0.4662850261626485": 0.4951219512195122,
    "0.5458946647757835": 0.17464539007092197,
    "0.6368771089050809": 0.2948051948051948
  },
  "3.0": {
    "0.008570165427666912": 0.0,
    "0.017140330855333823": 1.0,
    "0.03428066171066765": 1.0,
    "0.04285082713833455": 1.0,
    "0.05142099256600147": 1.0,
    "0.05999115799366838": 1.0,
    "0.0685613234213353": 1.0,
    "0.0771314888490022": 1.0,
    "0.0857016542766691": 1.0,
    "0.09427181970433603": 0.4909090909090909,
    "0.11141215055966984": 0.48717948717948717,
    "0.11998231598733676": 1.0,
    "0.12855248141500367": 1.0,
    "0.19711380483633895": 0.5296442687747036,
    "0.20568397026400587": 0.5108695652173914,
    "0.21425413569167276": 1.0,
    "0.22282430111933968": 0.9261538461538461,
    "0.2485347974023404": 0.7536945812807881,
    "0.3428066171066764": 0.5205128205128206,
    "0.4027977751003448": 0.18038852913968548,
    "0.47992926394934704": 0.2948051948051948
  },
  "4.0": {
    "0.006634903671728029": 0.0,
    "0.013269807343456059": 1.0,
    "0.01990471101518409": 0.3333333333333333,
    "0.026539614686912117": 0.6666666666666666,
    "0.033174518358640145": 1.0,
    "0.03980942203036818": 1.0,
    "0.0464443257020962": 1.0,
    "0.053079229373824234": 1.0,
    "0.05971413304555226": 1.0,
    "0.06634903671728029": 1.0,
    "0.08625374773246439": 0.48717948717948717,
    "0.0928886514041924": 1.0,
    "0.09952355507592044": 1.0,
    "0.15260278444974468": 0.5296442687747036,
    "0.1592376881214727": 0.5108695652173914,
    "0.1658725917932007": 1.0,
    "0.17250749546492877": 0.9261538461538461,
    "0.26539614686912116": 0.5205128205128206,
    "0.3118404725712174": 0.18038852913968548,
    "0.3715546056167696": 0.2948051948051948
  },
  "5.0": {
    "0.006403347718002135": 0.0,
    "0.01280669543600427": 1.0,
    "0.019210043154006408": 0.3333333333333333,
    "0.02561339087200854": 0.6666666666666666,
    "0.03201673859001068": 0.8,
    "0.038420086308012816": 1.0,
    "0.04482343402601495": 1.0,
    "0.05122678174401708": 1.0,
    "0.057630129462019224": 1.0,
    "0.06403347718002136": 1.0,
    "0.07684017261602563": 0.5151515151515151,
    "0.0896468680520299": 1.0,
    "0.09605021577003205": 1.0,
    "0.14727699751404913": 0.5296442687747036,
    "0.15368034523205126": 0.5108695652173914,
    "0.1600836929500534": 1.0,
    "0.16648704066805553": 0.9261538461538461,
    "0.25613390872008546": 0.5205128205128206,
    "0.28174729959209394": 0.19661733615221988,
    "0.35218412449011743": 0.30303030303030304
  },
  "6.0": {
    "0.011059360606848229": 1.0,
    "0.016589040910272343": 0.6666666666666666,
    "0.02764840151712057": 0.4,
    "0.033178081820544686": 0.6,
    "0.03870776212396881": 1.0,
    "0.044237442427392915": 1.0,
    "0.04976712273081703": 1.0,
    "0.05529680303424114": 1.0,
    "0.07741552424793761": 1.0,
    "0.08294520455136171": 1.0,
    "0.12718264697875464": 0.5296442687747036,
    "0.13271232728217874": 0.5108695652173914,
    "0.13824200758560287": 1.0,
    "0.14377168788902697": 0.9261538461538461,
    "0.22118721213696457": 0.5205128205128206,
    "0.22671689244038867": 0.22195121951219512,
    "0.2986027363849022": 0.31236897274633124
  },
  "7.0": {
    "0.005114210259389904": 0.0,
    "0.010228420518779808": 1.0,
    "0.01534263077816971": 0.6666666666666666,
    "0.025571051296949518": 0.4,
    "0.03068526155633942": 0.6,
    "0.03579947181572933": 0.8571428571428571,
    "0.04091368207511923": 1.0,
    "0.046027892334509136": 1.0,
    "0.051142102593899036": 1.0,
    "0.07159894363145866": 1.0,
    "0.07671315389084855": 1.0,
    "0.11762683596596778": 0.5296442687747036,
    "0.12274104622535768": 0.5108695652173914,
    "0.1278552564847476": 1.0,
    "0.1329694667441375": 0.9261538461538461,
    "0.20456841037559614": 0.22564102564102564,
    "0.27105314374766487": 0.3200290275761974
  },
  "8.0": {
    "0.0043660766655034934": 0.0,
    "0.008732153331006987": 1.0,
    "0.013098229996510481": 0.6666666666666666,
    "0.02183038332751747": 0.4,
    "0.026196459993020962": 0.6,
    "0.030562536658524455": 0.8571428571428571,
    "0.039294689989531444": 1.0,
    "0.04366076665503494": 1.0,
    "0.06112507331704891": 1.0,
    "0.0654911499825524": 1.0,
    "0.07422330331355939": 0.7867647058823529,
    "0.10478583997208385": 0.5108695652173914,
    "0.10915191663758735": 1.0,
    "0.11351799330309084": 0.9261538461538461,
    "0.14844660662711878": 0.26559714795008915,
    "0.17464306662013976": 0.5205128205128206,
    "0.2052056032786642": 0.3829787234042553
  },
  "9.0": {
    "0.0": 0.0,
    "0.003881949903436496": 0.0,
    "0.007763899806872992": 1.0,
    "0.011645849710309488": 1.0,
    "0.019409749517182478": 0.4,
    "0.023291699420618976": 0.8666666666666667,
    "0.03105559922749197": 0.6071428571428571,
    "0.038819499034364956": 1.0,
    "0.05434729864811094": 1.0,
    "0.05822924855154744": 1.0,
    "0.06211119845498394": 0.875,
    "0.06599314835842042": 0.7867647058823529,
    "0.09704874758591239": 1.0,
    "0.1009306974893489": 0.3415384615384615,
    "0.15527799613745982": 0.5205128205128206,
    "0.1785696955580788": 0.39516908212560387
  },
  "10.0": {
    "0.0": 0.0,
    "0.0031507184383771673": 0.0,
    "0.009452155315131501": 0.6666666666666666,
    "0.015753592191885834": 0.4,
    "0.018904310630263002": 0.8666666666666667,
    "0.02520574750701734": 0.6071428571428571,
    "0.04411005813728034": 1.0,
    "0.04726077657565751": 1.0,
    "0.05356221345241184": 0.7867647058823529,