{
  "0.0": 0.48151120956090915,
  "1.0": 0.3552121830945497,
  "2.0": 0.2962950421651505,
  "3.0": 0.23075597600151174,
  "4.0": 0.2502293268478679,
  "5.0": 0.2103511996196328,
  "6.0": 0.19587742504409172,
  "7.0": 0.22577639751552797,
  "8.0": 0.24607843137254898,
  "9.0": 0.15476190476190474,
  "10.0": 0.2222222222222222,
  "11.0": 0.2857142857142857,
  "12.0": 0.2857142857142857,
  "13.0": 0.2857142857142857,
  "14.0": 0.3333333333333333,
  "15.0": 0.0
}