{
  "0.0": 1.6657381615598885,
  "1.0": 1.8,
  "2.0": 1.88,
  "3.0": 2.48,
  "4.0": 2.2666666666666666,
  "5.0": 2.4615384615384617,
  "6.0": 2.0,
  "7.0": 1.5,
  "8.0": 1.7142857142857142,
  "9.0": 1.0,
  "10.0": 1.3333333333333333
}