{
  "0.0": 9.318385650224215,
  "1.0": 10.24,
  "2.0": 11.433526011560694,
  "3.0": 12.037735849056604,
  "4.0": 12.571428571428571,
  "5.0": 12.82857142857143,
  "6.0": 14.125,
  "7.0": 14.673076923076923,
  "8.0": 15.076923076923077,
  "9.0": 15.119047619047619,
  "10.0": 15.701492537313433,
  "11.0": 16.126984126984127,
  "12.0": 16.35483870967742,
  "13.0": 15.254901960784315,
  "14.0": 15.511111111111111,
  "15.0": 14.0,
  "16.0": 10.173913043478262,
  "17.0": 10.636363636363637,
  "18.0": 10.1,
  "19.0": 10.1,
  "20.0": 9.176470588235293,
  "21.0": 8.0,
  "22.0": 7.846153846153846,
  "23.0": 7.846153846153846,
  "24.0": 6.8,
  "25.0": 6.8,
  "26.0": 6.8,
  "27.0": 5.777777777777778,
  "28.0": 4.0,
  "29.0": 4.0,
  "30.0": 4.0,
  "31.0": 3.2,
  "32.0": 3.2,
  "33.0": 3.2,
  "34.0": 3.2,
  "35.0": 2.5,
  "36.0": 2.5,
  "37.0": 2.0,
  "38.0": 2.0,
  "39.0": 2.0,
  "40.0": 2.0,
  "41.0": 1.0,
  "42.0": 1.0,
  "43.0": 1.0,
  "44.0": 1.0,
  "45.0": 1.0,
  "46.0": 1.0,
  "47.0": 1.0,
  "48.0": 1.0,
  "49.0": 1.0
}