{
  "0.0": 3.371359223300971,
  "1.0": 4.760429082240763,
  "2.0": 5.6,
  "3.0": 5.989333333333334,
  "4.0": 5.992424242424242,
  "5.0": 5.863414634146341,
  "6.0": 5.418918918918919,
  "7.0": 5.0476190476190474,
  "8.0": 4.202020202020202,
  "9.0": 3.5308641975308643,
  "10.0": 3.25,
  "11.0": 2.6774193548387095,
  "12.0": 2.3636363636363638,
  "13.0": 2.0833333333333335,
  "14.0": 1.9565217391304348,
  "15.0": 1.4883720930232558,
  "16.0": 1.435897435897436,
  "17.0": 1.2941176470588236,
  "18.0": 1.25,
  "19.0": 1.3846153846153846,
  "20.0": 1.0833333333333333,
  "21.0": 1.0476190476190477,
  "22.0": 1.0476190476190477,
  "23.0": 1.1,
  "24.0": 1.1,
  "25.0": 0.8888888888888888,
  "26.0": 0.8888888888888888,
  "27.0": 0.8888888888888888,
  "28.0": 0.8235294117647058,
  "29.0": 0.875,
  "30.0": 0.875,
  "31.0": 0.875,
  "32.0": 0.16666666666666666,
  "33.0": 0.16666666666666666,
  "34.0": 0.16666666666666666,
  "35.0": 0.18181818181818182,
  "36.0": 0.18181818181818182,
  "37.0": 0.18181818181818182,
  "38.0": 0.18181818181818182,
  "39.0": 0.18181818181818182
}