{
  "0.0": 23.395180722891567,
  "1.0": 24.623409669211195,
  "2.0": 25.962162162162162,
  "3.0": 27.48985507246377,
  "4.0": 28.696319018404907,
  "5.0": 29.729032258064517,
  "6.0": 30.414023372287144,
  "7.0": 32.403669724770644,
  "8.0": 34.18436873747495,
  "9.0": 35.397027600849256,
  "10.0": 36.30222222222222,
  "11.0": 36.54831460674157,
  "12.0": 37.21596244131455,
  "13.0": 38.53904282115869,
  "14.0": 39.020725388601036,
  "15.0": 39.205263157894734,
  "16.0": 39.577235772357724,
  "17.0": 40.03399433427762,
  "18.0": 42.43648208469055,
  "19.0": 44.41044776119403,
  "20.0": 44.70498084291188,
  "21.0": 46.3982683982684,
  "22.0": 46.9683257918552,
  "23.0": 47.02283105022831,
  "24.0": 47.23364485981308,
  "25.0": 47.51428571428571,
  "26.0": 49.56521739130435,
  "27.0": 49.94444444444444,
  "28.0": 50.21301775147929,
  "29.0": 50.63414634146341,
  "30.0": 50.775,
  "31.0": 50.64968152866242,
  "32.0": 50.5974025974026,
  "33.0": 50.666666666666664,
  "34.0": 51.183098591549296,
  "35.0": 51.096296296296295,
  "36.0": 51.29770992366412,
  "37.0": 51.64341085271318,
  "38.0": 51.43307086614173,
  "39.0": 49.65765765765766,
  "40.0": 50.299065420560744,
  "41.0": 49.656565656565654,
  "42.0": 49.416666666666664,
  "43.0": 49.29032258064516,
  "44.0": 49.30434782608695,
  "45.0": 49.30434782608695,
  "46.0": 48.75555555555555,
  "47.0": 48.561797752808985,
  "48.0": 48.0,
  "49.0": 48.0
}