{
  "0.0": 5.325842696629214,
  "1.0": 7.574193548387097,
  "2.0": 9.184661957618568,
  "3.0": 10.28051948051948,
  "4.0": 11.326530612244898,
  "5.0": 12.033898305084746,
  "6.0": 12.52061855670103,
  "7.0": 12.660493827160494,
  "8.0": 12.804597701149426,
  "9.0": 12.940092165898617,
  "10.0": 12.87912087912088,
  "11.0": 12.558441558441558,
  "12.0": 12.044444444444444,
  "13.0": 11.768595041322314,
  "14.0": 11.215686274509803,
  "15.0": 11.11340206185567,
  "16.0": 10.590909090909092,
  "17.0": 10.097560975609756,
  "18.0": 9.921052631578947,
  "19.0": 8.848484848484848,
  "20.0": 7.928571428571429,
  "21.0": 6.423076923076923,
  "22.0": 4.340425531914893,
  "23.0": 3.3181818181818183,
  "24.0": 2.697674418604651,
  "25.0": 2.7804878048780486,
  "26.0": 2.871794871794872,
  "27.0": 1.8918918918918919,
  "28.0": 0.29411764705882354,
  "29.0": 0.29411764705882354,
  "30.0": 0.29411764705882354,
  "31.0": 0.29411764705882354,
  "32.0": 0.25,
  "33.0": 0.27586206896551724,
  "34.0": 0.27586206896551724,
  "35.0": 0.27586206896551724,
  "36.0": 0.2857142857142857,
  "37.0": 0.2962962962962963,
  "38.0": 0.3076923076923077,
  "39.0": 0.32
}