{
  "0.0": 2.3551912568306013,
  "1.0": 3.033557046979866,
  "2.0": 3.1,
  "3.0": 3.074074074074074,
  "4.0": 2.975609756097561,
  "5.0": 2.7096774193548385,
  "6.0": 2.7142857142857144,
  "7.0": 2.761904761904762,
  "8.0": 2.736842105263158,
  "9.0": 2.6666666666666665,
  "10.0": 2.1818181818181817,
  "11.0": 2.25,
  "12.0": 2.25,
  "13.0": 2.0,
  "14.0": 2.0,
  "15.0": 2.0,
  "16.0": 1.3333333333333333
}