{
  "0.0": 105.42424242424242,
  "1.0": 108.92530120481928,
  "2.0": 112.8825,
  "3.0": 115.9331619537275,
  "4.0": 117.63968668407311,
  "5.0": 120.10947930574099,
  "6.0": 121.0013458950202,
  "7.0": 122.02989130434783,
  "8.0": 122.91232876712328,
  "9.0": 124.42777777777778,
  "10.0": 125.77215189873418,
  "11.0": 127.6480686695279,
  "12.0": 129.69679300291546,
  "13.0": 130.82474226804123,
  "14.0": 131.14623338257016,
  "15.0": 131.6053412462908,
  "16.0": 134.6595419847328,
  "17.0": 135.98454404945903,
  "18.0": 138.86666666666667,
  "19.0": 140.04173354735153,
  "20.0": 141.58957654723127,
  "21.0": 142.38688524590165,
  "22.0": 143.1056105610561,
  "23.0": 143.1056105610561,
  "24.0": 144.29382303839733,
  "25.0": 144.46153846153845,
  "26.0": 144.81879194630872,
  "27.0": 145.31534569983137,
  "28.0": 145.95925297113752,
  "29.0": 146.1360544217687,
  "30.0": 146.9554794520548,
  "31.0": 150.2017699115044,
  "32.0": 151.22719141323793,
  "33.0": 152.21660649819495,
  "34.0": 152.7404718693285,
  "35.0": 152.7404718693285,
  "36.0": 152.7404718693285,
  "37.0": 153.0856102003643,
  "38.0": 153.27737226277372,
  "39.0": 153.64468864468864,
  "40.0": 153.80183486238533,
  "41.0": 153.97794117647058,
  "42.0": 153.97794117647058,
  "43.0": 154.13259668508286,
  "44.0": 154.82374768089053,
  "45.0": 154.9814126394052,
  "46.0": 155.14338919925513,
  "47.0": 155.3134328358209,
  "48.0": 155.49158878504673,
  "49.0": 155.85741088180112
}