{
  "0.0": 16.57943925233645,
  "1.0": 18.680851063829788,
  "2.0": 19.355555555555554,
  "3.0": 20.046511627906977,
  "4.0": 20.188235294117646,
  "5.0": 20.609756097560975,
  "6.0": 20.85,
  "7.0": 21.102564102564102,
  "8.0": 21.22077922077922,
  "9.0": 23.774193548387096,
  "10.0": 24.49122807017544,
  "11.0": 24.678571428571427,
  "12.0": 24.9811320754717,
  "13.0": 25.48936170212766,
  "14.0": 26.0,
  "15.0": 26.0,
  "16.0": 26.0,
  "17.0": 26.136363636363637,
  "18.0": 26.136363636363637,
  "19.0": 25.05263157894737,
  "20.0": 25.05263157894737,
  "21.0": 24.972972972972972,
  "22.0": 24.944444444444443,
  "23.0": 24.944444444444443,
  "24.0": 24.944444444444443,
  "25.0": 24.944444444444443,
  "26.0": 18.53846153846154,
  "27.0": 17.416666666666668,
  "28.0": 14.0,
  "29.0": 13.125,
  "30.0": 12.266666666666667,
  "31.0": 12.285714285714286,
  "32.0": 12.285714285714286,
  "33.0": 12.0,
  "34.0": 10.0,
  "35.0": 5.0,
  "36.0": 5.0,
  "37.0": 5.0,
  "38.0": 5.0,
  "39.0": 5.0,
  "40.0": 5.0,
  "41.0": 5.0,
  "42.0": 5.0,
  "43.0": 5.0,
  "44.0": 4.0,
  "45.0": 4.0,
  "46.0": 4.0,
  "47.0": 3.0,
  "48.0": 3.0,
  "49.0": 3.0
}