{
  "0.0": 15.642756680731365,
  "1.0": 17.144634525660965,
  "2.0": 18.059701492537314,
  "3.0": 19.32486388384755,
  "4.0": 20.372549019607842,
  "5.0": 21.863436123348016,
  "6.0": 23.05542168674699,
  "7.0": 23.75897435897436,
  "8.0": 24.681318681318682,
  "9.0": 25.74174174174174,
  "10.0": 26.721311475409838,
  "11.0": 27.074324324324323,
  "12.0": 27.4468085106383,
  "13.0": 27.491039426523297,
  "14.0": 27.670411985018728,
  "15.0": 28.528455284552845,
  "16.0": 28.560669456066947,
  "17.0": 29.39814814814815,
  "18.0": 31.25423728813559,
  "19.0": 31.65432098765432,
  "20.0": 32.064516129032256,
  "21.0": 32.1578947368421,
  "22.0": 32.81118881118881,
  "23.0": 32.92198581560284,
  "24.0": 32.9344262295082,
  "25.0": 33.68421052631579,
  "26.0": 33.73451327433628,
  "27.0": 33.892857142857146,
  "28.0": 33.836363636363636,
  "29.0": 34.129629629629626,
  "30.0": 34.41509433962264,
  "31.0": 32.54736842105263,
  "32.0": 32.22222222222222,
  "33.0": 32.0,
  "34.0": 31.816091954022987,
  "35.0": 31.95294117647059,
  "36.0": 32.0,
  "37.0": 31.878048780487806,
  "38.0": 31.825,
  "39.0": 21.872340425531913,
  "40.0": 22.177777777777777,
  "41.0": 21.61904761904762,
  "42.0": 21.333333333333332,
  "43.0": 21.63157894736842,
  "44.0": 21.2972972972973,
  "45.0": 20.176470588235293,
  "46.0": 19.757575757575758,
  "47.0": 19.757575757575758,
  "48.0": 19.757575757575758,
  "49.0": 19.032258064516128
}