{
  "0.0": 524.4913294797688,
  "1.0": 533.7117647058824,
  "2.0": 536.0605612998523,
  "3.0": 540.4110201042442,
  "4.0": 545.63007518797,
  "5.0": 549.2914458743376,
  "6.0": 552.1613394216134,
  "7.0": 554.6345565749235,
  "8.0": 557.5342044581091,
  "9.0": 562.1534883720931,
  "10.0": 563.4234654234655,
  "11.0": 563.8522550544324,
  "12.0": 566.8225175918686,
  "13.0": 568.1097178683385,
  "14.0": 572.4075829383886,
  "15.0": 576.7722929936306,
  "16.0": 576.7722929936306,
  "17.0": 578.0893854748604,
  "18.0": 579.839871897518,
  "19.0": 585.6019417475728,
  "20.0": 585.6019417475728,
  "21.0": 586.4894651539709,
  "22.0": 588.7290480065094,
  "23.0": 592.013093289689,
  "24.0": 592.4586404586405,
  "25.0": 594.7055921052631,
  "26.0": 594.7055921052631,
  "27.0": 596.9545829892651,
  "28.0": 598.3261589403974,
  "29.0": 598.3261589403974,
  "30.0": 600.1810631229235,
  "31.0": 602.4386989157631,
  "32.0": 602.9098497495827,
  "33.0": 602.9098497495827,
  "34.0": 603.8612040133779,
  "35.0": 605.20871751886,
  "36.0": 605.20871751886,
  "37.0": 612.1307300509338,
  "38.0": 613.9982964224872,
  "39.0": 615.4517506404782,
  "40.0": 616.8938356164383,
  "41.0": 616.8938356164383,
  "42.0": 616.8938356164383,
  "43.0": 616.8938356164383,
  "44.0": 616.8938356164383,
  "45.0": 616.8938356164383,
  "46.0": 617.3538988860325,
  "47.0": 617.8284734133791,
  "48.0": 617.8284734133791,
  "49.0": 617.8284734133791
}